{
    "utterances": [
        {
            "text": "7",
            "entities": [],
            "traits": []
        },
        {
            "text": "A FURIA tem time de Valorant e CS:GO?",
            "entities": [
                {
                    "entity": "game:game",
                    "start": 20,
                    "end": 28,
                    "body": "Valorant",
                    "entities": []
                },
                {
                    "entity": "game:game",
                    "start": 31,
                    "end": 33,
                    "body": "CS",
                    "entities": []
                }
            ],
            "traits": [],
            "intent": "ListSupportedGames"
        },
        {
            "text": "Como a FURIA jogou recentemente?",
            "entities": [],
            "traits": [],
            "intent": "GetLastMatches"
        },
        {
            "text": "Como a FURIA se saiu nos \u00faltimos jogos?",
            "entities": [],
            "traits": [],
            "intent": "GetLastMatches"
        },
        {
            "text": "Como est\u00e1 a forma\u00e7\u00e3o da FURIA no CS:GO?",
            "entities": [
                {
                    "entity": "game:game",
                    "start": 33,
                    "end": 35,
                    "body": "CS",
                    "entities": []
                }
            ],
            "traits": [],
            "intent": "GetElenco"
        },
        {
            "text": "Contra quem a FURIA joga no pr\u00f3ximo campeonato de Valorant?",
            "entities": [
                {
                    "entity": "game:game",
                    "start": 50,
                    "end": 58,
                    "body": "Valorant",
                    "entities": []
                },
                {
                    "entity": "match_type:match_type",
                    "start": 36,
                    "end": 47,
                    "body": "campeonato ",
                    "entities": []
                }
            ],
            "traits": [],
            "intent": "GetNextMatch"
        },
        {
            "text": "Em quais modalidades a FURIA est\u00e1 presente?",
            "entities": [],
            "traits": [],
            "intent": "ListSupportedGames"
        },
        {
            "text": "Em que data a FURIA joga novamente?",
            "entities": [],
            "traits": [],
            "intent": "GetNextMatch"
        },
        {
            "text": "Lista os games que a FURIA participa",
            "entities": [],
            "traits": [],
            "intent": "ListSupportedGames"
        },
        {
            "text": "Lista os integrantes da equipe de League of Legends da FURIA",
            "entities": [
                {
                    "entity": "game:game",
                    "start": 34,
                    "end": 51,
                    "body": "League of Legends",
                    "entities": []
                }
            ],
            "traits": [],
            "intent": "GetElenco"
        },
        {
            "text": "Me diga como foram os \u00faltimos confrontos da FURIA no PUBG",
            "entities": [
                {
                    "entity": "game:game",
                    "start": 53,
                    "end": 57,
                    "body": "PUBG",
                    "entities": []
                }
            ],
            "traits": [],
            "intent": "GetLastMatches"
        },
        {
            "text": "Me d\u00ea informa\u00e7\u00f5es gerais sobre o time FURIA",
            "entities": [],
            "traits": []
        },
        {
            "text": "Me fale sobre o pr\u00f3ximo jogo da FURIA.",
            "entities": [],
            "traits": [],
            "intent": "GetNextMatch"
        },
        {
            "text": "Me fale sobre os jogadores da FURIA",
            "entities": [],
            "traits": [],
            "intent": "GetElenco"
        },
        {
            "text": "Me fale sobre os resultados recentes",
            "entities": [],
            "traits": [],
            "intent": "GetLastMatches"
        },
        {
            "text": "Me fale um pouco sobre a FURIA Esports",
            "entities": [],
            "traits": []
        },
        {
            "text": "Me informe os jogadores da FURIA",
            "entities": [],
            "traits": [],
            "intent": "GetElenco"
        },
        {
            "text": "Me mostra o elenco da FURIA",
            "entities": [],
            "traits": [],
            "intent": "GetElenco"
        },
        {
            "text": "Me mostra o elenco da FURIA no Valorant",
            "entities": [
                {
                    "entity": "game:game",
                    "start": 31,
                    "end": 39,
                    "body": "Valorant",
                    "entities": []
                }
            ],
            "traits": [],
            "intent": "GetElenco"
        },
        {
            "text": "Me mostra todos os jogos que a FURIA compete atualmente",
            "entities": [],
            "traits": [],
            "intent": "ListSupportedGames"
        },
        {
            "text": "Me mostre as 3 \u00faltimas partidas da FURIA no Valorant.",
            "entities": [
                {
                    "entity": "game:game",
                    "start": 44,
                    "end": 52,
                    "body": "Valorant",
                    "entities": []
                },
                {
                    "entity": "match_count:match_count",
                    "start": 13,
                    "end": 14,
                    "body": "3",
                    "entities": []
                }
            ],
            "traits": [],
            "intent": "GetLastMatches"
        },
        {
            "text": "Me mostre as \u00faltimas partidas da FURIA",
            "entities": [],
            "traits": [],
            "intent": "GetLastMatches"
        },
        {
            "text": "N\u00e3o",
            "entities": [],
            "traits": [],
            "intent": "Cancel"
        },
        {
            "text": "O que aconteceu nos \u00faltimos jogos da FURIA?",
            "entities": [],
            "traits": [],
            "intent": "GetLastMatches"
        },
        {
            "text": "Onde a FURIA foi fundada?",
            "entities": [],
            "traits": []
        },
        {
            "text": "Pode me mostrar as \u00faltimas partidas da FURIA?",
            "entities": [],
            "traits": [],
            "intent": "GetLastMatches"
        },
        {
            "text": "Quais as \u00faltimas 3 partidas que a FURIA jogou?",
            "entities": [
                {
                    "entity": "match_count:match_count",
                    "start": 17,
                    "end": 18,
                    "body": "3",
                    "entities": []
                }
            ],
            "traits": [],
            "intent": "GetLastMatches"
        },
        {
            "text": "Quais foram os resultados dos jogos da FURIA?",
            "entities": [],
            "traits": [],
            "intent": "GetLastMatches"
        },
        {
            "text": "Quais foram os \u00faltimos jogos da FURIA no CS:GO?",
            "entities": [
                {
                    "entity": "game:game",
                    "start": 41,
                    "end": 43,
                    "body": "CS",
                    "entities": []
                }
            ],
            "traits": [],
            "intent": "GetLastMatches"
        },
        {
            "text": "Quais foram os \u00faltimos jogos da FURIA?",
            "entities": [],
            "traits": [],
            "intent": "GetLastMatches"
        },
        {
            "text": "Quais jogos a FURIA joga?",
            "entities": [],
            "traits": [],
            "intent": "ListSupportedGames"
        },
        {
            "text": "Quais modalidades a FURIA disputa?",
            "entities": [],
            "traits": [],
            "intent": "ListSupportedGames"
        },
        {
            "text": "Quais os times da FURIA no Valorant?",
            "entities": [
                {
                    "entity": "game:game",
                    "start": 27,
                    "end": 35,
                    "body": "Valorant",
                    "entities": []
                }
            ],
            "traits": [],
            "intent": "GetElenco"
        },
        {
            "text": "Quais os times da FURIA no cs?",
            "entities": [
                {
                    "entity": "game:game",
                    "start": 27,
                    "end": 29,
                    "body": "cs",
                    "entities": []
                }
            ],
            "traits": [],
            "intent": "GetElenco"
        },
        {
            "text": "Quais os \u00faltimos confrontos da FURIA?",
            "entities": [],
            "traits": [],
            "intent": "GetLastMatches"
        },
        {
            "text": "Quais s\u00e3o os integrantes do time da FURIA?",
            "entities": [],
            "traits": [],
            "intent": "GetElenco"
        },
        {
            "text": "Quais s\u00e3o os jogadores que est\u00e3o no time da FURIA atualmente?",
            "entities": [],
            "traits": [],
            "intent": "GetElenco"
        },
        {
            "text": "Quais s\u00e3o os pr\u00f3ximos jogos da FURIA?",
            "entities": [],
            "traits": [],
            "intent": "GetNextMatch"
        },
        {
            "text": "Qual foi o desempenho da FURIA nas \u00faltimas partidas?",
            "entities": [],
            "traits": [],
            "intent": "GetLastMatches"
        },
        {
            "text": "Qual o elenco atual da FURIA?",
            "entities": [],
            "traits": [],
            "intent": "GetElenco"
        },
        {
            "text": "Qual o pr\u00f3ximo confronto da FURIA?",
            "entities": [],
            "traits": [],
            "intent": "GetNextMatch"
        },
        {
            "text": "Qual o resultado do \u00faltimo jogo da FURIA no R6?",
            "entities": [
                {
                    "entity": "game:game",
                    "start": 44,
                    "end": 46,
                    "body": "R6",
                    "entities": []
                }
            ],
            "traits": [],
            "intent": "GetLastMatches"
        },
        {
            "text": "Qual o resultado do \u00faltimo jogo da FURIA no cs?",
            "entities": [
                {
                    "entity": "game:game",
                    "start": 44,
                    "end": 46,
                    "body": "cs",
                    "entities": []
                }
            ],
            "traits": [],
            "intent": "GetLastMatches"
        },
        {
            "text": "Qual o resultado do \u00faltimo jogo?",
            "entities": [],
            "traits": [],
            "intent": "GetLastMatches"
        },
        {
            "text": "Qual ser\u00e1 o pr\u00f3ximo confronto da FURIA no R6?",
            "entities": [
                {
                    "entity": "game:game",
                    "start": 42,
                    "end": 44,
                    "body": "R6",
                    "entities": []
                }
            ],
            "traits": [],
            "intent": "GetNextMatch"
        },
        {
            "text": "Qual \u00e9 a hist\u00f3ria da FURIA?",
            "entities": [],
            "traits": []
        },
        {
            "text": "Qual \u00e9 o elenco atual da FURIA em PUBG?",
            "entities": [
                {
                    "entity": "game:game",
                    "start": 34,
                    "end": 38,
                    "body": "PUBG",
                    "entities": []
                }
            ],
            "traits": [],
            "intent": "GetElenco"
        },
        {
            "text": "Qual \u00e9 o pr\u00f3ximo compromisso da FURIA no calend\u00e1rio?",
            "entities": [],
            "traits": [],
            "intent": "GetNextMatch"
        },
        {
            "text": "Qual \u00e9 o pr\u00f3ximo compromisso da FURIA?",
            "entities": [],
            "traits": [],
            "intent": "GetNextMatch"
        },
        {
            "text": "Quando a FURIA vai jogar a pr\u00f3xima partida?",
            "entities": [],
            "traits": [],
            "intent": "GetNextMatch"
        },
        {
            "text": "Quando a FURIA volta a jogar League of Legends?",
            "entities": [
                {
                    "entity": "game:game",
                    "start": 29,
                    "end": 46,
                    "body": "League of Legends",
                    "entities": []
                }
            ],
            "traits": [],
            "intent": "GetNextMatch"
        },
        {
            "text": "Quando \u00e9 o pr\u00f3ximo jogo da FURIA no CS:GO?",
            "entities": [
                {
                    "entity": "game:game",
                    "start": 36,
                    "end": 38,
                    "body": "CS",
                    "entities": []
                }
            ],
            "traits": [],
            "intent": "GetNextMatch"
        },
        {
            "text": "Quando \u00e9 o pr\u00f3ximo jogo da FURIA?",
            "entities": [],
            "traits": [],
            "intent": "GetNextMatch"
        },
        {
            "text": "Que partidas recentes a FURIA disputou no Rainbow Six?",
            "entities": [
                {
                    "entity": "game:game",
                    "start": 42,
                    "end": 49,
                    "body": "Rainbow",
                    "entities": []
                }
            ],
            "traits": [],
            "intent": "GetLastMatches"
        },
        {
            "text": "Quem faz parte da FURIA?",
            "entities": [],
            "traits": [],
            "intent": "GetElenco"
        },
        {
            "text": "Quem s\u00e3o os jogadores ativos da FURIA?",
            "entities": [],
            "traits": [],
            "intent": "GetElenco"
        },
        {
            "text": "Quem s\u00e3o os jogadores da FURIA no CS:GO?",
            "entities": [
                {
                    "entity": "game:game",
                    "start": 34,
                    "end": 36,
                    "body": "CS",
                    "entities": []
                }
            ],
            "traits": [],
            "intent": "GetElenco"
        },
        {
            "text": "Quem s\u00e3o os jogadores da FURIA?",
            "entities": [],
            "traits": [],
            "intent": "GetElenco"
        },
        {
            "text": "Quero saber quem joga na FURIA no R6",
            "entities": [
                {
                    "entity": "game:game",
                    "start": 34,
                    "end": 36,
                    "body": "R6",
                    "entities": []
                }
            ],
            "traits": [],
            "intent": "GetElenco"
        },
        {
            "text": "Quero ver o hist\u00f3rico recente da FURIA em League of Legends.",
            "entities": [
                {
                    "entity": "game:game",
                    "start": 42,
                    "end": 59,
                    "body": "League of Legends",
                    "entities": []
                }
            ],
            "traits": [],
            "intent": "GetLastMatches"
        },
        {
            "text": "Sim",
            "entities": [],
            "traits": [],
            "intent": "Confirm"
        },
        {
            "text": "Valorant",
            "entities": [
                {
                    "entity": "game:game",
                    "start": 0,
                    "end": 8,
                    "body": "Valorant",
                    "entities": []
                }
            ],
            "traits": [],
            "intent": "Confirm"
        },
        {
            "text": "cancelar",
            "entities": [],
            "traits": [],
            "intent": "Cancel"
        },
        {
            "text": "cs",
            "entities": [
                {
                    "entity": "game:game",
                    "start": 0,
                    "end": 2,
                    "body": "cs",
                    "entities": []
                }
            ],
            "traits": [],
            "intent": "Confirm"
        },
        {
            "text": "liste as \u00faltimas 4 partidas de valorant da Furia",
            "entities": [
                {
                    "entity": "game:game",
                    "start": 31,
                    "end": 39,
                    "body": "valorant",
                    "entities": []
                },
                {
                    "entity": "match_count:match_count",
                    "start": 17,
                    "end": 18,
                    "body": "4",
                    "entities": []
                }
            ],
            "traits": [],
            "intent": "GetLastMatches"
        },
        {
            "text": "lol",
            "entities": [
                {
                    "entity": "game:game",
                    "start": 0,
                    "end": 3,
                    "body": "lol",
                    "entities": []
                }
            ],
            "traits": [],
            "intent": "Confirm"
        },
        {
            "text": "nao",
            "entities": [],
            "traits": [],
            "intent": "Cancel"
        },
        {
            "text": "n\u00e3o",
            "entities": [],
            "traits": [],
            "intent": "Cancel"
        },
        {
            "text": "proxima partida de cs",
            "entities": [
                {
                    "entity": "game:game",
                    "start": 19,
                    "end": 21,
                    "body": "cs",
                    "entities": []
                }
            ],
            "traits": [],
            "intent": "GetNextMatch"
        },
        {
            "text": "proxima partida de valorant",
            "entities": [
                {
                    "entity": "game:game",
                    "start": 19,
                    "end": 27,
                    "body": "valorant",
                    "entities": []
                }
            ],
            "traits": [],
            "intent": "GetNextMatch"
        },
        {
            "text": "proximo jogo",
            "entities": [],
            "traits": [],
            "intent": "GetNextMatch"
        },
        {
            "text": "pr\u00f3ximas 7 partidas",
            "entities": [
                {
                    "entity": "match_count:match_count",
                    "start": 9,
                    "end": 10,
                    "body": "7",
                    "entities": []
                }
            ],
            "traits": [],
            "intent": "GetNextMatch"
        },
        {
            "text": "pubg",
            "entities": [
                {
                    "entity": "game:game",
                    "start": 0,
                    "end": 4,
                    "body": "pubg",
                    "entities": []
                }
            ],
            "traits": [],
            "intent": "Confirm"
        },
        {
            "text": "quais as duas ultimas partidas de valorant?",
            "entities": [
                {
                    "entity": "game:game",
                    "start": 34,
                    "end": 42,
                    "body": "valorant",
                    "entities": []
                },
                {
                    "entity": "match_count:match_count",
                    "start": 9,
                    "end": 21,
                    "body": "duas ultimas",
                    "entities": []
                }
            ],
            "traits": [],
            "intent": "GetLastMatches"
        },
        {
            "text": "quais as tres \u00faltimas partidadas de CS?",
            "entities": [
                {
                    "entity": "game:game",
                    "start": 36,
                    "end": 38,
                    "body": "CS",
                    "entities": []
                },
                {
                    "entity": "match_count:match_count",
                    "start": 9,
                    "end": 13,
                    "body": "tres",
                    "entities": []
                }
            ],
            "traits": [],
            "intent": "GetLastMatches"
        },
        {
            "text": "quais os times da furia?",
            "entities": [],
            "traits": [],
            "intent": "GetElenco"
        },
        {
            "text": "qual a pr\u00f3xima partida da furia?",
            "entities": [],
            "traits": [],
            "intent": "GetNextMatch"
        },
        {
            "text": "qual a ultima partida de dota que um time da furia jogou?",
            "entities": [
                {
                    "entity": "game:game",
                    "start": 25,
                    "end": 29,
                    "body": "dota",
                    "entities": []
                }
            ],
            "traits": [],
            "intent": "GetLastMatches"
        },
        {
            "text": "qual a \u00faltima partida de cs da furia?",
            "entities": [
                {
                    "entity": "game:game",
                    "start": 25,
                    "end": 27,
                    "body": "cs",
                    "entities": []
                }
            ],
            "traits": [],
            "intent": "GetLastMatches"
        },
        {
            "text": "qual o atual time de lol?",
            "entities": [
                {
                    "entity": "game:game",
                    "start": 21,
                    "end": 24,
                    "body": "lol",
                    "entities": []
                }
            ],
            "traits": [],
            "intent": "GetElenco"
        },
        {
            "text": "qual o pr\u00f3ximo jogo de cs?",
            "entities": [
                {
                    "entity": "game:game",
                    "start": 23,
                    "end": 25,
                    "body": "cs",
                    "entities": []
                }
            ],
            "traits": [],
            "intent": "GetNextMatch"
        },
        {
            "text": "qual o pr\u00f3ximo jogo de lol?",
            "entities": [
                {
                    "entity": "game:game",
                    "start": 23,
                    "end": 26,
                    "body": "lol",
                    "entities": []
                }
            ],
            "traits": [],
            "intent": "GetNextMatch"
        },
        {
            "text": "qual o pr\u00f3ximo jogo de valorant?",
            "entities": [
                {
                    "entity": "game:game",
                    "start": 23,
                    "end": 31,
                    "body": "valorant",
                    "entities": []
                }
            ],
            "traits": [],
            "intent": "GetNextMatch"
        },
        {
            "text": "qual o resultado \u00faltimo campeonato de cs que participaram",
            "entities": [
                {
                    "entity": "match_type:match_type",
                    "start": 24,
                    "end": 34,
                    "body": "campeonato",
                    "entities": []
                },
                {
                    "entity": "game:game",
                    "start": 38,
                    "end": 40,
                    "body": "cs",
                    "entities": []
                }
            ],
            "traits": [],
            "intent": "GetLastMatches"
        },
        {
            "text": "qual o time de valorant da furia?",
            "entities": [
                {
                    "entity": "game:game",
                    "start": 15,
                    "end": 23,
                    "body": "valorant",
                    "entities": []
                }
            ],
            "traits": [],
            "intent": "GetElenco"
        },
        {
            "text": "qual o \u00faltimo jogo da f\u00faria?",
            "entities": [
                {
                    "entity": "match_count:match_count",
                    "start": 7,
                    "end": 14,
                    "body": "\u00faltimo ",
                    "entities": []
                }
            ],
            "traits": [],
            "intent": "GetLastMatches"
        },
        {
            "text": "r6",
            "entities": [
                {
                    "entity": "game:game",
                    "start": 0,
                    "end": 2,
                    "body": "r6",
                    "entities": []
                }
            ],
            "traits": [],
            "intent": "Confirm"
        },
        {
            "text": "string",
            "entities": [],
            "traits": []
        },
        {
            "text": "times da furia",
            "entities": [],
            "traits": [],
            "intent": "GetElenco"
        },
        {
            "text": "\u00faltimas 4 partidas de cs",
            "entities": [
                {
                    "entity": "match_count:match_count",
                    "start": 8,
                    "end": 10,
                    "body": "4 ",
                    "entities": []
                }
            ],
            "traits": [],
            "intent": "GetLastMatches"
        },
        {
            "text": "\u00faltimas tres partidas de cs",
            "entities": [
                {
                    "entity": "game:game",
                    "start": 25,
                    "end": 27,
                    "body": "cs",
                    "entities": []
                },
                {
                    "entity": "match_count:match_count",
                    "start": 8,
                    "end": 12,
                    "body": "tres",
                    "entities": []
                }
            ],
            "traits": [],
            "intent": "GetLastMatches"
        }
    ]
}
