{
    "name": "game",
    "roles": [
        "game"
    ],
    "lookups": [
        "free-text",
        "keywords"
    ],
    "keywords": [
        {
            "keyword": "cs-go",
            "synonyms": [
                "counter strike",
                "cs",
                "s"
            ]
        },
        {
            "keyword": "dota2",
            "synonyms": [
                "dota",
                "dota 2",
                "dota2"
            ]
        },
        {
            "keyword": "league-of-legends",
            "synonyms": [
                "league of legends",
                "lol"
            ]
        },
        {
            "keyword": "pubg",
            "synonyms": [
                "pubg"
            ]
        },
        {
            "keyword": "r6-siege",
            "synonyms": [
                "r6",
                "rainbow",
                "rainbow six"
            ]
        },
        {
            "keyword": "rl",
            "synonyms": [
                "rl",
                "rocket league",
                "roquet league"
            ]
        },
        {
            "keyword": "valorant",
            "synonyms": [
                "valorant"
            ]
        }
    ]
}
